{
    "task": "intent",
    "data_dir": "./data/intent",
    "cache_dir": "./cache/intent",
    "ckpt_dir": "./ckpt/intent/0408-0653",
    "no_eval": true,
    "cri_name": "ce",
    "opt_name": "adam",
    "embed_opt_name": "adam",
    "sched_name": "cosine",
    "embed_sched_name": "cosine",
    "init_name": "orthogonal_",
    "epoch_num": 100,
    "batch_size": 32,
    "lr": 0.001,
    "embed_lr": 0.0,
    "warmup_epoch": 0,
    "embed_warmup_epoch": 50,
    "dropout": 0.5,
    "l2reg": 1e-05,
    "log_step": 50,
    "hidden_dim": 128,
    "max_seq_len": null,
    "device": "cuda:0",
    "seed": 14
}