{
  "accept_reservations": 0,
  "account_blocked": 1,
  "alarm": 2,
  "application_status": 3,
  "apr": 4,
  "are_you_a_bot": 5,
  "balance": 6,
  "bill_balance": 7,
  "bill_due": 8,
  "book_flight": 9,
  "book_hotel": 10,
  "calculator": 11,
  "calendar": 12,
  "calendar_update": 13,
  "calories": 14,
  "cancel": 15,
  "cancel_reservation": 16,
  "car_rental": 17,
  "card_declined": 18,
  "carry_on": 19,
  "change_accent": 20,
  "change_ai_name": 21,
  "change_language": 22,
  "change_speed": 23,
  "change_user_name": 24,
  "change_volume": 25,
  "confirm_reservation": 26,
  "cook_time": 27,
  "credit_limit": 28,
  "credit_limit_change": 29,
  "credit_score": 30,
  "current_location": 31,
  "damaged_card": 32,
  "date": 33,
  "definition": 34,
  "direct_deposit": 35,
  "directions": 36,
  "distance": 37,
  "do_you_have_pets": 38,
  "exchange_rate": 39,
  "expiration_date": 40,
  "find_phone": 41,
  "flight_status": 42,
  "flip_coin": 43,
  "food_last": 44,
  "freeze_account": 45,
  "fun_fact": 46,
  "gas": 47,
  "gas_type": 48,
  "goodbye": 49,
  "greeting": 50,
  "how_busy": 51,
  "how_old_are_you": 52,
  "improve_credit_score": 53,
  "income": 54,
  "ingredient_substitution": 55,
  "ingredients_list": 56,
  "insurance": 57,
  "insurance_change": 58,
  "interest_rate": 59,
  "international_fees": 60,
  "international_visa": 61,
  "jump_start": 62,
  "last_maintenance": 63,
  "lost_luggage": 64,
  "make_call": 65,
  "maybe": 66,
  "meal_suggestion": 67,
  "meaning_of_life": 68,
  "measurement_conversion": 69,
  "meeting_schedule": 70,
  "min_payment": 71,
  "mpg": 72,
  "new_card": 73,
  "next_holiday": 74,
  "next_song": 75,
  "no": 76,
  "nutrition_info": 77,
  "oil_change_how": 78,
  "oil_change_when": 79,
  "order": 80,
  "order_checks": 81,
  "order_status": 82,
  "pay_bill": 83,
  "payday": 84,
  "pin_change": 85,
  "play_music": 86,
  "plug_type": 87,
  "pto_balance": 88,
  "pto_request": 89,
  "pto_request_status": 90,
  "pto_used": 91,
  "recipe": 92,
  "redeem_rewards": 93,
  "reminder": 94,
  "reminder_update": 95,
  "repeat": 96,
  "replacement_card_duration": 97,
  "report_fraud": 98,
  "report_lost_card": 99,
  "reset_settings": 100,
  "restaurant_reservation": 101,
  "restaurant_reviews": 102,
  "restaurant_suggestion": 103,
  "rewards_balance": 104,
  "roll_dice": 105,
  "rollover_401k": 106,
  "routing": 107,
  "schedule_maintenance": 108,
  "schedule_meeting": 109,
  "share_location": 110,
  "shopping_list": 111,
  "shopping_list_update": 112,
  "smart_home": 113,
  "spelling": 114,
  "spending_history": 115,
  "sync_device": 116,
  "taxes": 117,
  "tell_joke": 118,
  "text": 119,
  "thank_you": 120,
  "time": 121,
  "timer": 122,
  "timezone": 123,
  "tire_change": 124,
  "tire_pressure": 125,
  "todo_list": 126,
  "todo_list_update": 127,
  "traffic": 128,
  "transactions": 129,
  "transfer": 130,
  "translate": 131,
  "travel_alert": 132,
  "travel_notification": 133,
  "travel_suggestion": 134,
  "uber": 135,
  "update_playlist": 136,
  "user_name": 137,
  "vaccines": 138,
  "w2": 139,
  "weather": 140,
  "what_are_your_hobbies": 141,
  "what_can_i_ask_you": 142,
  "what_is_your_name": 143,
  "what_song": 144,
  "where_are_you_from": 145,
  "whisper_mode": 146,
  "who_do_you_work_for": 147,
  "who_made_you": 148,
  "yes": 149
}