id,tags
eval-0,O O O O O
eval-1,B-time O
eval-10,O O O
eval-100,O O O O O
eval-101,O O O B-people O O
eval-102,B-date I-date I-date O O O
eval-103,O O O O
eval-104,O O O O O B-people O
eval-105,O O O B-time O
eval-106,O O O O O O O O O O O O
eval-107,O O O O O O O O O B-time I-time
eval-108,O B-date I-date I-date
eval-109,O O O O O B-date I-date I-date I-date O B-time O
eval-11,O O O O O O O O O O O O O O O O O O
eval-110,O O B-date
eval-111,O O O O O O O O O O O O O O O O O O O O O O
eval-112,O O O O O O O O O O B-date I-date I-date
eval-113,O O B-date I-date I-date
eval-114,O O O O O O
eval-115,O O B-first_name B-last_name
eval-116,O
eval-117,O O O O O B-people I-people O O O
eval-118,O O O O O O B-date I-date O
eval-119,O O O O O O O
eval-12,O O B-date I-date I-date
eval-120,O O O O B-people I-people I-people I-people
eval-121,O O
eval-122,O O O O O O O O O O
eval-123,O O O O O O O O O O O O O O O O O O O O
eval-124,O O O
eval-125,O B-time I-time
eval-126,O O O O O O O O O O O O B-first_name O
eval-127,O O O O O O B-people O
eval-128,O O B-time
eval-129,O O O O O O
eval-13,O O O O O
eval-130,O O
eval-131,O O O O O O O B-people O
eval-132,O O O O O O O O O O B-date I-date O
eval-133,O O B-people O
eval-134,O O O O
eval-135,O O O O O O O O O O O
eval-136,O O O O O B-time
eval-137,O O O O O O O O O
eval-138,O O O O O O O O O B-people O O
eval-139,O O O
eval-14,O O O O O O O O O O O O O O
eval-140,O O O O O O O O O O
eval-141,O O O O O B-people I-people I-people I-people I-people
eval-142,O O O O B-date I-date
eval-143,O O O O O O O O B-time O
eval-144,O O O B-first_name B-last_name O O O O O O O O O O B-date I-date I-date
eval-145,B-date I-date O O O O O O O
eval-146,O O O
eval-147,O O O
eval-148,O O O O B-people O O O O
eval-149,O O O O B-time
eval-15,O B-date I-date I-date
eval-150,O O O O O O O O
eval-151,O O O O O O O
eval-152,O B-people I-people
eval-153,O O O O B-date I-date
eval-154,O
eval-155,O O O O B-time O O O O O O B-first_name B-last_name
eval-156,O O B-first_name B-last_name
eval-157,O O O O O
eval-158,O O O O O O O O O O O
eval-159,O B-date I-date I-date
eval-16,O O B-date O
eval-160,O O O O O B-first_name B-last_name
eval-161,O O O O
eval-162,O B-date I-date I-date
eval-163,O O O O O O O
eval-164,O O O O O O B-date
eval-165,O O O O O O O O O O O O O
eval-166,O O O
eval-167,O O O O O O
eval-168,O
eval-169,O O O O B-time
eval-17,O O B-people O O O
eval-170,O O O O O O O
eval-171,O O B-people I-people
eval-172,O O O O O B-date I-date O
eval-173,O O O O O O O O O O
eval-174,O O B-date O
eval-175,O O O O O O O B-time I-time O B-people I-people I-people O
eval-176,O O O O O O B-time O B-date I-date O
eval-177,O O O O O O O O O O O O O O O O O
eval-178,B-people O O O O O O O B-people I-people O
eval-179,O O O O O O B-date I-date O
eval-18,O O O O O O
eval-180,O O O O B-date I-date I-date O
eval-181,O O O O O O O O O B-date I-date I-date I-date
eval-182,O O O O O
eval-183,O O O O O O O O B-time
eval-184,O O O O O
eval-185,O O B-date O B-time O
eval-186,O O O O O O O
eval-187,B-time O O O
eval-188,O B-time
eval-189,O O O O O O O O O
eval-19,O O O O B-people O
eval-190,O B-people
eval-191,O O O O O O O O
eval-192,O O O O O O O B-people I-people O B-time O O O O
eval-193,O B-date I-date I-date
eval-194,O O O O O O O O O O
eval-195,O O O O O B-date I-date I-date O O O O O O B-first_name B-last_name
eval-196,O O O O O
eval-197,O O O O O O O B-time
eval-198,O O O O O O O O O O O O O O
eval-199,O O O O O O O O O
eval-2,O O B-people
eval-20,O O O O O B-date O O B-time O O O O O B-first_name B-last_name
eval-200,O O O O O
eval-201,O O O O O O O O O O O O O O
eval-202,B-date I-date O O O O O O B-people O
eval-203,O O O O O O O O O
eval-204,O O O O O B-date I-date I-date O O O B-time O O O
eval-205,O O O O O O O
eval-206,O O O O O O O B-people B-date
eval-207,O O O
eval-208,O O O O O O O
eval-209,O O O O O B-date I-date O
eval-21,O B-date I-date I-date
eval-210,O B-time
eval-211,B-time
eval-212,O O O O
eval-213,O B-date I-date I-date
eval-214,O O
eval-215,O O O O O O O
eval-216,B-date I-date I-date O O O B-people I-people O O B-time I-time I-time
eval-217,O O O O O B-date I-date I-date O
eval-218,O O O O O O O O O O O O O B-first_name B-last_name
eval-219,O O O O O O B-date I-date I-date O
eval-22,O B-time
eval-220,O O O O B-time O O B-date I-date I-date I-date I-date O
eval-221,O O O B-last_name O O O O O B-time O
eval-222,O O B-first_name
eval-223,O O O O O O O O O B-time I-time
eval-224,O O O O B-people I-people I-people I-people I-people
eval-225,O O O O O O O B-people O B-time
eval-226,O B-first_name O O O B-people I-people I-people O
eval-227,O O B-time
eval-228,O B-date I-date
eval-229,O B-people
eval-23,O O O O O O
eval-230,O O O O O B-people
eval-231,O O O O O O O
eval-232,B-people I-people O O O
eval-233,O O O O O O O O B-date I-date O
eval-234,O O O O O O O O O O O
eval-235,O O O O O B-date I-date I-date O O O O O O B-first_name B-last_name
eval-236,B-date I-date I-date O O O O O B-people O B-time I-time
eval-237,O O O B-time I-time I-time O
eval-238,O O O O O O O
eval-239,O O B-time O
eval-24,O O O O O O O O O O O O
eval-240,O O O O O O O O O
eval-241,O O O O
eval-242,O O B-time
eval-243,O O O O O O O B-people O
eval-244,O O O O O O O O
eval-245,O O O O O O B-people I-people O
eval-246,O O O O O O O O O O O O O O O O O O O O O O O O O O O O O O O O O
eval-247,O O O O O O O
eval-248,O O O B-first_name B-last_name
eval-249,O O O O O O O O B-time O
eval-25,O O O B-people
eval-250,O
eval-251,O O O
eval-252,O
eval-253,O O O O O O O O O O
eval-254,O B-date I-date I-date
eval-255,O O O O B-time
eval-256,O O O O B-date I-date I-date I-date O B-people
eval-257,O O O O O O O B-time I-time
eval-258,O O O O O O B-time O
eval-259,O O O O O O
eval-26,B-people O B-people O O O
eval-260,O O O O B-time
eval-261,O O O O
eval-262,O O O O O B-people I-people I-people I-people O
eval-263,O O O O O O O O O B-people I-people I-people I-people O
eval-264,O O O O O O O O O O O
eval-265,O O O B-first_name B-last_name O O O O O O O O B-date I-date I-date O O O
eval-266,O O O O O B-people B-date I-date I-date O B-time O
eval-267,O O O O O B-people I-people I-people I-people
eval-268,O O O O O O O O O O O O O O O O O O O O O O
eval-269,O O O O O O O O
eval-27,O B-people
eval-270,O O O O O O O O O B-date O B-time O O O B-people O O O O B-first_name O
eval-271,O O O B-people I-people B-date I-date O
eval-272,O O O O O O O
eval-273,O O O O O O O O O O O O O O O O
eval-274,B-date I-date O O O O O O B-people O
eval-275,O O O O B-first_name O O O O O B-date I-date O
eval-276,B-date O B-time
eval-277,O B-time
eval-278,O O O O O B-time
eval-279,O O B-date O
eval-28,O B-time B-date I-date I-date O O O
eval-280,O O O O O O O O O O O O B-first_name O
eval-281,O O O O O O B-date I-date I-date O
eval-282,O O B-date I-date I-date
eval-283,O O O O O B-people O B-time
eval-284,O O O O O O O O B-people O B-time
eval-285,O O O O O O O
eval-286,O B-first_name
eval-287,O O O B-people
eval-288,O O B-first_name B-last_name
eval-289,B-date I-date I-date O O O O O O O O
eval-29,O O O O O O B-time O
eval-290,O O O O O O O O B-date I-date I-date O O O O O O
eval-291,O O B-time
eval-292,O O O
eval-293,O O O O O
eval-294,O O O O O O O O O
eval-295,B-first_name B-last_name O O O O O O O O B-date O B-time
eval-296,O O O O O O O
eval-297,O O O O O O B-date I-date I-date O O O
eval-298,O O O O O O O B-people B-date
eval-299,O O O O O O O O B-people I-people O O
eval-3,O O O O O O
eval-30,O O O O B-time
eval-300,O O O O O O O O
eval-301,O O O O O O O B-people O
eval-302,O O O O O B-people O
eval-303,O O O O
eval-304,O O O O O O O O O
eval-305,O O O O
eval-306,O O O O
eval-307,O B-date I-date I-date
eval-308,O O O O O B-first_name B-last_name
eval-309,B-people I-people
eval-31,O O O O O
eval-310,O
eval-311,O O B-date I-date I-date
eval-312,O O O O B-date I-date I-date I-date
eval-313,O O O O O O
eval-314,O O O O O O O O O O O O O
eval-315,O O O B-people I-people O B-date I-date O
eval-316,O O O O O O O O O B-people O
eval-317,O O O O B-first_name B-last_name
eval-318,B-people O O O O B-people O
eval-319,O O O O O O O B-time O I-time O
eval-32,O O O O
eval-320,O I-time O
eval-321,O B-people
eval-322,O O B-time
eval-323,B-people I-people I-people I-people I-people I-people
eval-324,O O O O O O
eval-325,O O O O
eval-326,O O O O O O
eval-327,O O O O O O O O O O O O O O O
eval-328,O O O O O O O O O O B-people I-people I-people I-people
eval-329,O
eval-33,O O B-date I-date I-date
eval-330,O O O O O O O O B-date I-date I-date O
eval-331,B-people I-people O O O
eval-332,O O O O O O O O B-date O O O O O B-first_name B-last_name
eval-333,O B-time
eval-334,O
eval-335,O O B-people I-people
eval-336,O O O O O
eval-337,O O O O O O O O O O O O O
eval-338,O O O O O O O
eval-339,O O B-first_name O
eval-34,O B-time O
eval-340,O O O O O O O O O O O O O O O O O O O O O O O O O O O O O O O O O
eval-341,O O O B-date I-date O
eval-342,O O O O O O O O O O
eval-343,O O O O O O O O O O O O
eval-344,O O O O O O O B-people O
eval-345,O O B-first_name B-last_name O O O O O O O O O O B-date I-date O
eval-346,O O O O O O B-date I-date I-date O B-time O O
eval-347,O O O O O O O O O O O O O
eval-348,O O O O O O B-people O B-time O O B-first_name O
eval-349,O O O O O B-first_name O O O O O B-date I-date O
eval-35,O O
eval-350,B-date I-date I-date I-date O O O O O
eval-351,O O O O O O
eval-352,O O B-date I-date I-date
eval-353,O O O B-first_name
eval-354,O O O O O O O
eval-355,O B-time I-time I-time I-time O
eval-356,O B-time
eval-357,O O O O O O O O O O O O O B-first_name O O
eval-358,O B-people
eval-359,O O O O O O O O O O O B-date I-date I-date O O O O B-first_name B-last_name O O
eval-36,O O O O O O O O O O O O O
eval-360,B-first_name B-last_name O O O O O O O O O B-time
eval-361,O O O O
eval-362,O O O O
eval-363,O O O O O O O O
eval-364,O O O B-first_name B-last_name
eval-365,O O O O O
eval-366,O B-time
eval-367,O O O O O O O O O O B-date O O B-first_name B-last_name O O O O
eval-368,O O B-date
eval-369,O O O O O O O O O O
eval-37,O O O O B-time I-time
eval-370,O
eval-371,O O O O O O O O O O B-people I-people
eval-372,O O O O
eval-373,O O O O O O O B-time O
eval-374,O O O O B-time O
eval-375,O O O O O O O O O O
eval-376,O O O O O O O O O O O
eval-377,O O O O
eval-378,O O O O O O O O O O
eval-379,O O O O O B-date I-date I-date I-date O O B-people O O
eval-38,O O B-time I-time
eval-380,O O B-date O
eval-381,O O O B-time I-time O
eval-382,O O O O B-people I-people
eval-383,O O O O O O
eval-384,O O O O O O O O O O B-time I-time
eval-385,O O O O O B-people I-people O B-time O O B-date O
eval-386,O O
eval-387,O O O O O O O O O O O O O O O O
eval-388,O O O O O O O
eval-389,O O O O O B-date I-date O B-people I-people O O O
eval-39,O O O O B-people O B-time O O B-date I-date I-date O
eval-390,O O B-first_name B-last_name
eval-391,O O O O O O O O O O O O O O O O O O
eval-392,B-first_name O O O O B-people I-people I-people I-people
eval-393,O O O B-people O O
eval-394,O O O O O O O B-date I-date I-date O O O
eval-395,O B-people
eval-396,O O O O O
eval-397,O O B-date I-date I-date
eval-398,O O O B-people O O
eval-399,O O O O
eval-4,O O B-date I-date I-date
eval-40,O O O B-last_name
eval-400,O O O O O O O O O O O O O O O
eval-401,O O O O O
eval-402,O B-date I-date I-date
eval-403,O O O O O O
eval-404,O O O O O O O O
eval-405,O B-date I-date I-date
eval-406,O O O O O O O O O O B-people I-people O B-time O O O B-first_name O
eval-407,O O O O O O O
eval-408,B-people I-people I-people O
eval-409,O
eval-41,O O O O O O B-time O
eval-410,O O O O O O O B-date I-date O
eval-411,O O O O O O B-time
eval-412,O O O O O O O
eval-413,O O O O O O
eval-414,O O O O O
eval-415,O O O O O O O O O O B-people I-people I-people I-people
eval-416,O O O O O O O O O O O
eval-417,O B-time O O O O O
eval-418,O O B-first_name B-last_name
eval-419,O O O O O O O
eval-42,O O O O O
eval-420,O O O O
eval-421,O O O O O O O O O O O
eval-422,B-date I-date I-date O O O O O B-time I-time O B-time
eval-423,O
eval-424,O O O O
eval-425,B-date I-date O O O O O O O
eval-426,O O B-first_name O O O O O O O O O O
eval-427,O O O O B-date I-date O
eval-428,O O O O O O O O O O O O
eval-429,O O O O O B-people I-people O O B-time I-time
eval-43,O O O O O O O
eval-430,O O O O O O
eval-431,O O O O O O O O B-date I-date O O O O O O
eval-432,O O O O O O O O O O O O O B-first_name O
eval-433,O O O O O O
eval-434,O
eval-435,O O B-date I-date I-date
eval-436,O O O B-time I-time
eval-437,B-people I-people O O O
eval-438,O O O
eval-439,O O O O O B-date O
eval-44,B-date B-time I-time I-time O O O O O B-first_name B-last_name O O
eval-440,O O O O O O O O O O O O B-time O
eval-441,O O B-time
eval-442,O O O O O O
eval-443,O O B-date I-date I-date
eval-444,O O B-people I-people O O
eval-445,O B-time
eval-446,O O O O O O O O O
eval-447,O B-people I-people I-people I-people I-people
eval-448,O O O O O O O O O O
eval-449,O O O O B-date O
eval-45,O B-date I-date I-date O O O O O O
eval-450,O O O O O O O
eval-451,O
eval-452,O O O O O O
eval-453,O O O O O O O O B-date O B-time I-time
eval-454,O O O O O
eval-455,O O B-time I-time
eval-456,O O O
eval-457,O O O O O O
eval-458,O O O O O O B-time I-time
eval-459,O O O O B-time I-time
eval-46,O O O O O O O B-people I-people
eval-460,O O O O O O O
eval-461,O O O O O O O O O
eval-462,O O O O O O O O O O B-people I-people I-people I-people I-people
eval-463,O O O O B-people I-people I-people I-people O
eval-464,O B-time
eval-465,O O O O O O O O O O
eval-466,O O O O B-date I-date I-date O
eval-467,O O O O B-date I-date I-date O B-people
eval-468,O O O O O O B-time I-time I-time O
eval-469,O B-date I-date
eval-47,O O B-date I-date I-date
eval-470,O B-time O O O O O O O
eval-471,O O O O O O
eval-472,O O O O O O O O
eval-473,O O O O O O
eval-474,O O O
eval-475,O O O O O O O O O B-time O O O O B-first_name B-last_name
eval-476,O O O B-people O
eval-477,B-people I-people I-people I-people O O O O O O O O O O O O O O O O O
eval-478,O B-time
eval-479,O O O O O O O B-people O O
eval-48,O O O O
eval-480,O O O O O O O
eval-481,O O O O O O
eval-482,O O B-time O O O O O O O O
eval-483,O O O O O O B-people O B-time O O B-first_name O
eval-484,O O O O B-people I-people I-people I-people I-people
eval-485,O O O O O O O O O O O O O
eval-486,O O O B-date
eval-487,O O O O O O
eval-488,O O O O O B-people I-people O O B-time I-time
eval-489,O O O O
eval-49,O O O O O O
eval-490,O O O O O O
eval-491,O B-date I-date I-date
eval-492,O B-time
eval-493,O O O O B-time I-time
eval-494,O O O O B-time B-date I-date I-date
eval-495,O O O O O
eval-496,O O O O O O O B-people I-people I-people I-people O O
eval-497,O O O O O O O O O O
eval-498,O O B-first_name B-last_name O O O
eval-499,O B-date I-date
eval-5,O O O O O O O O O
eval-50,O O O O O O O B-date I-date I-date O B-people O
eval-500,O O O O O O B-date O
eval-501,O O O O O O O O O O
eval-502,O O O O O O O
eval-503,O O O O O O O O O B-people I-people I-people O
eval-504,O O B-date I-date I-date
eval-505,O O O O
eval-506,O O O B-date O O B-first_name B-last_name
eval-507,O O O O O O O O O
eval-508,B-people I-people I-people I-people I-people I-people O
eval-509,O O O O O O B-time O
eval-51,O O O O O
eval-510,O O O O O O O O O B-people O
eval-511,O O O O O O
eval-512,O
eval-513,O O O O O O O O O O B-time O
eval-514,O B-date I-date I-date
eval-515,O O O O O O O O B-date I-date I-date I-date O O O B-people O
eval-516,O O O O
eval-517,O O B-people I-people
eval-518,O O O O O B-first_name B-date O O O O O O O O O O O O
eval-519,O O O O O O O O O O O
eval-52,B-people O O O O O O O O
eval-520,O O O O O O O B-people O O B-date I-date I-date O B-time
eval-521,O B-time
eval-522,B-people O O O B-first_name B-first_name O
eval-523,O O O B-time O
eval-524,O O O O O O B-people I-people I-people I-people I-people O
eval-525,O O O B-people I-people O B-time I-time
eval-526,O O B-date I-date I-date O B-time
eval-527,O O O O O O O B-first_name O O B-date I-date O
eval-528,O O O O O O B-first_name B-last_name O O B-date I-date O O O O O O O O O O
eval-529,O O O O O B-time O O B-people
eval-53,O O O O O O B-time I-time I-time I-time
eval-530,O O B-people O O O
eval-531,O O O O
eval-532,O O O O O O O O O O O O
eval-533,O B-time I-time O O O O O B-people
eval-534,O O O B-date I-date I-date I-date O
eval-535,O O O B-date I-date I-date O
eval-536,O O O O O O O O B-date I-date O
eval-537,O O O O O O O O O
eval-538,O O B-date O
eval-539,O B-time I-time I-time I-time O
eval-54,O O O O O O O O O O O
eval-540,O O O O O B-date I-date O
eval-541,O O O O O O O
eval-542,O O O B-time
eval-543,B-people I-people O
eval-544,O O O O O O O O O O
eval-545,O O O O O O O O O B-time I-time
eval-546,O O B-time O
eval-547,O O O O O O O B-time O I-time O
eval-548,O O B-people O O O O O
eval-549,O O O O O O O O B-date I-date O
eval-55,O O O O O B-first_name B-last_name
eval-550,O O O O O O O O
eval-551,O O O B-people I-people I-people I-people I-people O O O
eval-552,O O O O O O O O O O O B-people O
eval-553,O O O O B-time
eval-554,O O O O O O O
eval-555,O
eval-556,O O O O B-people I-people I-people I-people I-people I-people I-people O O O O O O O
eval-557,O O O O O O O B-people I-people I-people O
eval-558,O O O O O O O O O O O O
eval-559,O O O O O O O O O O O O O B-first_name B-last_name
eval-56,O O O O B-people I-people I-people I-people I-people
eval-560,O
eval-561,O O O O O O
eval-562,O O B-date I-date I-date
eval-563,O O O O O O O O B-people I-people O
eval-564,O O O B-date I-date I-date I-date I-date O O B-first_name O
eval-565,O O O O O B-time
eval-566,O O O O O O O
eval-567,O O O O O O O B-people O O O O O
eval-568,O O B-time I-time O O
eval-569,O O O O O B-people I-people B-date I-date O
eval-57,O O O O O B-time O O
eval-570,O O O O O O O O O O
eval-571,O O O O O O O O
eval-572,O O O B-people O
eval-573,O O O O O O O O O O O O
eval-574,O O O O
eval-575,O O O O O O O O O O O
eval-576,O O O O O O O O O O O
eval-577,O O O O O B-time O B-people I-people I-people O
eval-578,O O O O B-time I-time O
eval-579,O O B-time
eval-58,O O O O O O O B-time O O O B-first_name O O O
eval-580,O O O O O O O O O
eval-581,O O O O O O O O
eval-582,O O B-date I-date I-date
eval-583,O O O O O O O B-time O B-people I-people I-people I-people I-people
eval-584,O O O O O O
eval-585,O O O O O O O
eval-586,O O O O O O
eval-587,O O O O O
eval-588,O O O O B-first_name B-last_name
eval-589,O B-first_name
eval-59,O O O O O
eval-590,O O O O O O O O O O O O O O O O
eval-591,O O O O O O O O O O O O O O O O
eval-592,O B-date I-date I-date O O O O O
eval-593,O O O O O O O O O O O O O
eval-594,O O O O O O
eval-595,O O O O O B-time O
eval-596,O O O O O O O O O O O O
eval-597,O O O O O O O O O
eval-598,B-people O B-people O O
eval-599,O O O O O B-first_name B-last_name
eval-6,O O O O O O O
eval-60,O O O O B-date I-date I-date
eval-600,O
eval-601,O
eval-602,O O O O O O O O O O
eval-603,O O O
eval-604,O O O O O O O O O O O
eval-605,O O O O O O
eval-606,O O O O B-first_name B-last_name
eval-607,O O
eval-608,O O O O O O
eval-609,O O O O O O O O B-date I-date O
eval-61,B-people I-people I-people I-people I-people I-people O
eval-610,B-people O B-people O O
eval-611,O O O O B-time I-time
eval-612,O
eval-613,O O O O O
eval-614,O B-people
eval-615,O O O O O O O O O O O O O O O O B-first_name B-last_name O O O O O O O O O
eval-616,O O
eval-617,O O O O O O B-time O O B-people O O
eval-618,O O B-date I-date I-date
eval-619,B-people O O B-people I-people
eval-62,O O O O O O O B-people O
eval-620,O O O O O O B-people O B-time O O O O O O O O B-first_name
eval-621,O O O O O
eval-622,O O O O O B-time
eval-623,O O O O O O B-time
eval-624,O B-time B-date I-date I-date O O O
eval-625,O O O O O O B-time
eval-626,O O O O B-time I-time O O
eval-627,O O O O O O B-time O B-people
eval-628,O O O O O O O O O
eval-629,O O O O
eval-63,O O O O O O O O O O O
eval-630,B-first_name O O O O O
eval-631,O B-date I-date I-date O O O
eval-632,O O O O O O O O O O O O O O O O O O
eval-633,O B-time O O O O O O O
eval-634,O O O O O
eval-635,O O O O O O O O O O O O O O
eval-636,O O O O O O O
eval-637,O B-time
eval-638,O O O O O O O O O O
eval-639,O
eval-64,O O O O B-people O
eval-640,O O O O O B-first_name O
eval-641,O O O O O O
eval-642,O O O O O O O B-people I-people I-people I-people I-people I-people I-people
eval-643,O O O B-time I-time
eval-644,O O O O O B-people B-date I-date I-date O B-time
eval-645,B-date I-date I-date O O O O B-people I-people O B-time
eval-646,O O O O
eval-647,O B-people O
eval-648,O O O O O B-first_name B-last_name O B-time O B-people I-people I-people I-people O O O O
eval-649,O O O O O O O O O O
eval-65,O O O O O O O O O O O O O O O B-time O O O O B-first_name B-last_name O O
eval-650,O O O O B-people
eval-651,O O O O O O O
eval-652,O O O O O O O O O O O O
eval-653,O O O B-time O B-date O B-people
eval-654,O O O O O O B-time B-date I-date O
eval-655,O O B-people I-people O O O O O O O O O O
eval-656,O O O O O O O O O B-first_name O O O O O O O O O O O O O O O O
eval-657,O O O O O B-date I-date I-date O B-time O O O O O
eval-658,O O O B-people I-people I-people I-people I-people O O O
eval-659,O O O O O O O O O O O
eval-66,O O B-first_name B-last_name
eval-660,O O O O O O O O O O
eval-661,O O B-first_name
eval-662,O O B-first_name B-last_name
eval-663,O O O O O B-time O B-date I-date O
eval-664,O O O O O O O O O O O O O O O O O O O O O O
eval-665,O O B-first_name
eval-666,O O O O O O
eval-667,O O B-people I-people I-people I-people I-people I-people O
eval-668,O O O O O O B-time I-time
eval-669,O O B-time
eval-67,O O O O O O
eval-670,O O O
eval-671,O O O O O O O O
eval-672,O O O O O O
eval-673,O O O O O O B-date I-date I-date O O O O O B-first_name O
eval-674,O O B-first_name B-last_name
eval-675,O B-time
eval-676,O O O O O O O O O O
eval-677,O
eval-678,O O O O O O O O O O
eval-679,O B-people I-people O B-date
eval-68,O O O O O O O O O O O O
eval-680,O O O O O O O O O
eval-681,O B-date
eval-682,O O O
eval-683,O O O O O O O O O O O O
eval-684,O O B-date I-date I-date I-date I-date O
eval-685,O O B-time I-time O O
eval-686,B-time O O O
eval-687,O O O O O O O
eval-688,O O
eval-689,O O O B-people
eval-69,O O O O O B-date I-date I-date O
eval-690,O O B-people I-people O
eval-691,O O O O O O O
eval-692,O O O O O O O O B-first_name B-last_name
eval-693,O O O
eval-694,O O O O O O O B-time O O O B-people O O
eval-695,O O O O O O O O O O B-time I-time I-time I-time
eval-696,O O O O O O B-people I-people
eval-697,O O B-time
eval-698,O O O O O O O B-first_name O O B-date I-date O
eval-699,O O O O
eval-7,O O O O O O O O
eval-70,O O O O O B-people I-people I-people I-people I-people
eval-700,O O O B-date I-date I-date
eval-701,B-time O O
eval-702,O O O O O O O O B-people I-people
eval-703,O O O O O O O O O O O O O O O O O O O O O O O O O O O O
eval-704,O O O O O O O O
eval-705,O O O O O O
eval-706,O O O O O O O O O
eval-707,O B-time O
eval-708,O O O O O B-time O O O O B-first_name B-last_name B-people O
eval-709,O B-time
eval-71,O O B-date O
eval-710,O O O
eval-711,O O O O O O O O O O
eval-712,O O O O O O
eval-713,O O
eval-714,O O O O O O O O
eval-715,O O O O O O
eval-716,O O O O O
eval-717,O O O O O O O O O O
eval-718,O O O O
eval-719,O B-first_name B-last_name O O O O O O O O O O B-date I-date I-date O O O
eval-72,B-time
eval-720,O B-date
eval-721,O O O O O B-people O O O O O O O O
eval-722,O O O O O O O O B-people O B-time
eval-723,O B-people I-people I-people I-people I-people O O O O O O O O O
eval-724,O O O O O O B-time I-time O B-people O
eval-725,O O O O O O
eval-726,O O O O O O O O B-date I-date I-date O O B-people I-people
eval-727,B-last_name O O O O
eval-728,O O O O O O O O
eval-729,O O O O O O O O O O O O O O O O O O O O O O
eval-73,O O O O O O
eval-730,O O O B-time
eval-731,O O O O O O O B-people O
eval-732,O O O O B-first_name B-last_name O O O O O O O O O O O O O O O O O O
eval-733,O O O O O O
eval-734,O O O O O
eval-735,O O O O O O O O
eval-736,O O O O O O
eval-737,O O O O O O O O B-people O
eval-738,B-first_name B-last_name O O O
eval-739,B-people I-people I-people I-people I-people I-people I-people O O O O O
eval-74,O O B-first_name B-last_name
eval-740,O O O O B-time O O B-date I-date I-date I-date
eval-741,O O O O O
eval-742,O O O O O O O O
eval-743,O O O O O O O O O O O O O O O
eval-744,O B-time O
eval-745,O O O O O O O O O O O
eval-746,O O O B-people O
eval-747,O O
eval-748,O O O O O O
eval-749,O O O O O O O O B-people I-people
eval-75,O O O B-people I-people O B-time
eval-750,B-people O B-people O O
eval-751,O O B-people O O O B-date I-date O
eval-752,O O O O O O O O O O O O B-date I-date I-date O O O O O B-first_name B-last_name O O O O O O O O
eval-753,O O O O O O O O O B-time O O O O B-first_name B-last_name
eval-754,O O O B-time
eval-755,O O O B-people O
eval-756,O O O O O O O O O O O O O O O O O O
eval-757,O O O O O O O
eval-758,O O O O O O O O B-first_name B-last_name
eval-759,O O O O O O O
eval-76,O O O O B-people O B-time
eval-760,O O O O O B-people I-people I-people I-people I-people
eval-761,O B-date O
eval-762,O O O O O O O B-people O
eval-763,O O O O
eval-764,O B-date I-date I-date
eval-765,O O O O O
eval-766,O
eval-767,O O O O O O O
eval-768,O O O O O
eval-769,O O O O O O O O
eval-77,O O O O O O
eval-770,O O O O O O
eval-771,O O O O O B-people O B-time O B-date I-date O
eval-772,O O O B-people O O
eval-773,O O O O O O O O B-time O O
eval-774,O O O O O O O O O O
eval-775,O O O O O O O
eval-776,O O O
eval-777,O O O O O O O O
eval-778,O O O O O
eval-779,O O O O O B-time O
eval-78,O O O O O O B-time O
eval-780,O B-time I-time O O O O O O O
eval-781,O O O B-date I-date
eval-782,O O O O O O O O
eval-783,O O O O B-date I-date O
eval-784,O O O O O O B-date I-date O
eval-785,O B-people I-people I-people I-people I-people
eval-786,O O O O B-first_name B-last_name
eval-787,O O
eval-788,O B-time
eval-789,O O O O O O O O O
eval-79,O O O O O O O O O O O O O O O O
eval-790,O O O O O O O
eval-791,B-people I-people O O O O
eval-792,O O
eval-793,O O O O O O O B-people I-people
eval-794,O O
eval-795,O O O O
eval-796,O O O O O O B-time I-time O B-people O
eval-797,O O O B-time O B-time O
eval-798,O O O O O O B-date O O O B-date I-date I-date
eval-799,O O O O O O B-date I-date O
eval-8,B-people O O O B-people O
eval-80,O B-time O O O
eval-800,O O O O O O B-time I-time O
eval-801,O O O O O O
eval-802,O O O B-people I-people B-date I-date O
eval-803,O O O O
eval-804,O O O O O O B-date I-date I-date O O O B-first_name O O O
eval-805,O O O O O B-people I-people O B-time O
eval-806,O O O O B-people I-people O B-time O
eval-807,O O O
eval-808,O O O O O O O O O B-time I-time
eval-809,O O O O O B-date I-date O
eval-81,O O O O B-people I-people I-people I-people O O
eval-810,O O O O
eval-811,O O O B-time O
eval-812,O O O O O O O
eval-813,O O O O O O O B-date
eval-814,O O O O O O O
eval-815,O O O O O B-people O B-time O B-date I-date O
eval-816,O O O O O B-people O
eval-817,O O O O B-people O O B-date I-date I-date
eval-818,O O O O O B-time
eval-819,O O O O O O B-people O B-time I-time
eval-82,O O O O B-people
eval-820,O B-date I-date I-date
eval-821,O O O O O O B-date I-date I-date O O O O O O O O O O O O O O O O O O O O O O B-first_name O
eval-822,O O O O B-time I-time O
eval-823,O B-time
eval-824,O B-date I-date
eval-825,O O B-date
eval-826,O O O O B-date I-date I-date
eval-827,O O B-people
eval-828,O O O O O O O O O O B-date O O B-first_name B-last_name O O O O
eval-829,O O O O B-people I-people O O O
eval-83,O O O O O O O B-date I-date I-date
eval-830,O O
eval-831,B-people I-people
eval-832,O B-time O O O O O O B-people O O O O
eval-833,O O O O O O
eval-834,O O O O O O
eval-835,O O O O O B-time B-date
eval-836,O O O O O O O O
eval-837,O O O O O O O B-date I-date O
eval-838,O O O O O O O O O O O O O O O O O O O O O O O O O O
eval-839,O O O O O O
eval-84,O O O O O O B-people O O O B-time
eval-840,O O O O O O O
eval-841,O O O O O O O O B-first_name
eval-842,O O O O O B-people I-people O
eval-843,O O O O O B-time
eval-844,O O O O B-people O
eval-845,O O O O O O O O
eval-846,O O O O O O O O O
eval-847,O O O B-people O B-people O
eval-848,O O O B-first_name B-last_name
eval-849,O O O O B-date I-date I-date I-date
eval-85,O B-time O
eval-850,O O O O O O O O B-time O
eval-851,O O O O O O
eval-852,O O O O B-people O O O O O O O B-date I-date I-date I-date
eval-853,O O O B-last_name
eval-854,O B-people O O O O
eval-855,O O O O O O B-people I-people O O
eval-856,O O
eval-857,O O O O O O O B-date I-date O
eval-858,O O O O B-time O B-people I-people O
eval-859,O O O B-last_name
eval-86,O O O O O O O
eval-860,O O O O B-time I-time O
eval-861,O O O O O
eval-862,O O O O B-time I-time I-time O
eval-863,O O O O B-first_name O O O O B-last_name
eval-864,O
eval-865,O O O O O O O B-first_name B-last_name
eval-866,O B-time I-time I-time I-time O
eval-867,B-date I-date I-date O O O O O O O O O O O O B-first_name B-last_name O
eval-868,O B-time
eval-869,O O O B-date I-date I-date
eval-87,O O O O O O O O O O B-date O
eval-870,B-date I-date O O O O O B-time O
eval-871,O O O O
eval-872,B-people I-people O O O
eval-873,O
eval-874,O O O O O O O O O
eval-875,B-people O O O O O O O B-people I-people O B-date O B-time O
eval-876,O O O O O O O O O O
eval-877,B-first_name B-last_name O O O O O O O O B-people I-people I-people O
eval-878,O O O O O O O O
eval-879,O O O
eval-88,O O O O O O O O O O
eval-880,O B-first_name
eval-881,O O O O O O O O O
eval-882,O O O O O O O B-time
eval-883,O O O O B-time O O B-date I-date I-date I-date O B-people I-people
eval-884,O O O O O O
eval-885,O O B-people I-people O O B-time
eval-886,O O O O O B-time
eval-887,O O O O O B-people I-people O O B-time I-time
eval-888,O O O O O
eval-889,O O O O B-date O I-date I-date O B-time
eval-89,O O O O O O B-people O B-date I-date I-date O
eval-890,O
eval-891,O O O O O O B-people O
eval-892,O O O O O O O O O O
eval-893,O O B-date I-date I-date
eval-894,O O O O O O O O B-people I-people I-people O
eval-895,O O O O O O O O O O O O O
eval-896,B-people O O O O O B-people O
eval-897,O O O O O B-date I-date O
eval-898,O O
eval-899,O O O O O O O O
eval-9,O O O O O O O O O O O O O
eval-90,O O O O
eval-900,O O O O O B-people I-people O O O
eval-901,O O O O O O O O
eval-902,O O O O O B-people O O
eval-903,O O O O O O O O
eval-904,O O O O
eval-905,O O B-first_name B-last_name
eval-906,O O O O O O O O O O O O O O O O
eval-907,O O O O O O O B-date I-date I-date O
eval-908,O O O O O O O B-date I-date I-date I-date O B-first_name O
eval-909,O O O O O
eval-91,O O O O
eval-910,O O O O O O
eval-911,O O O O
eval-912,O O O O O B-people I-people I-people I-people I-people
eval-913,O O O O O O O
eval-914,O O B-date I-date I-date O
eval-915,O O O O O O O B-people B-date B-time I-time O
eval-916,O O O B-time I-time
eval-917,O O O O O O O O O O O O O
eval-918,O B-people I-people I-people
eval-919,O O O O O O
eval-92,O O O O O
eval-920,O O O O O
eval-921,O O O O O O O O O O O O O
eval-922,O O O B-first_name B-last_name O O B-people I-people
eval-923,O O O O B-time
eval-924,O O O O O O O O B-time
eval-925,O O O O O O O O O
eval-926,O O O O O O O B-people O
eval-927,O O O O B-time O O O O O O
eval-928,O O O O O O
eval-929,O
eval-93,O O O B-time
eval-930,O B-first_name B-last_name O O O O O O O O B-date I-date I-date O O O O O O O
eval-931,O O O B-people
eval-932,O O O O O O O O O
eval-933,O O O B-people I-people I-people
eval-934,O O O O O O O
eval-935,O O O O O O O O O O B-date O
eval-936,O O
eval-937,O O O O O O O O
eval-938,O B-time
eval-939,O O O O O
eval-94,O O O O O B-people I-people B-date I-date I-date O
eval-940,O O O O O O B-people O B-date I-date I-date O
eval-941,O O O
eval-942,O O O O O O B-people I-people O
eval-943,O O O O O B-people O
eval-944,O O
eval-945,O O O O O O O O
eval-946,O O O O O B-time
eval-947,O O O O O O O O O
eval-948,O O B-people O
eval-949,O O O O O O B-people I-people O
eval-95,O O O O O O O O O O B-time O
eval-950,O O O O O O O O
eval-951,O B-date I-date I-date I-date
eval-952,O B-time
eval-953,O O O O O O O O O
eval-954,O O O O O B-first_name B-last_name
eval-955,B-time
eval-956,O O O O O B-people O B-date I-date I-date I-date O
eval-957,O O O O O B-people I-people
eval-958,O O O O O O O O O O O
eval-959,O O B-date I-date O
eval-96,O O O O O B-people O B-people O
eval-960,B-date I-date I-date O O O O O O
eval-961,O O O O O O O O
eval-962,O O B-last_name
eval-963,B-first_name O O O O B-people I-people I-people I-people
eval-964,B-first_name B-last_name O O O O O O O O B-date O B-time
eval-965,O B-first_name B-last_name O O O O O O O O O O B-date I-date I-date O O O
eval-966,O O O O O O
eval-967,O O O O O O
eval-968,O O O O O O B-time O
eval-969,O O O O O O O B-time
eval-97,O O O O B-first_name B-last_name
eval-970,O O O O B-people O O
eval-971,O O O O B-first_name B-last_name O O O O O O O O O O O
eval-972,O
eval-973,O O O O O O O O O O B-people O
eval-974,O O O O O O O B-date O O B-time O O O O O
eval-975,O
eval-976,O O O O O B-time
eval-977,O O O O O O O O O
eval-978,O O O O O O O B-people I-people O B-time I-time
eval-979,O O O O O O
eval-98,O O O O O O O O O
eval-980,O O O O O O B-time
eval-981,O O O O O O O B-people O B-time I-time I-time
eval-982,O O O O O O O O O O O O O O O
eval-983,O O B-people O
eval-984,B-time O B-people I-people
eval-985,O O O O O B-time O
eval-986,O O O O O
eval-987,O O O O O O O O O
eval-988,O O O O O O O O B-people I-people
eval-989,O O O B-people I-people I-people I-people I-people O
eval-99,O B-people O
eval-990,B-people O O O O B-people I-people O
eval-991,O O B-time
eval-992,O O O O O O O
eval-993,O O O O O O B-people I-people I-people I-people I-people O
eval-994,O B-time O O O O B-people I-people I-people I-people I-people I-people
eval-995,O O O O O B-time
eval-996,O O O O O O O B-date I-date I-date O O O
eval-997,O B-time
eval-998,O O O O O O O O O O B-date I-date O
eval-999,O O O O
